url_path,views_total,views_unique
/grp-bork/nHUMAnN,5,2
/grp-bork/nHUMAnN/blob/main/registry.git.embl.de/schudoma/humann3-docker:latest,3,1
/grp-bork/nHUMAnN/tree/main,3,1
/grp-bork/nHUMAnN/tree/main/metaphlow,2,1
/grp-bork/nHUMAnN/blob/a64f35ee6ae881c79e70bd7cf4bd398dc63e5996/main.nf,1,1
/grp-bork/nHUMAnN/blob/main/metaphlow/modules/profilers/humann3.nf,1,1
/grp-bork/nHUMAnN/blob/main/metaphlow/workflows/humann3.nf,1,1
/grp-bork/nHUMAnN/blob/main/nextflow.config,1,1
/grp-bork/nHUMAnN/blob/main/README.md,1,1
/grp-bork/nhumann/tree/a64f35ee6ae881c79e70bd7cf4bd398dc63e5996,1,1
